{
  "results": [
    {
      "label": "Subject00 Background (Group B)",
      "iapf": 11.160714285714286,
      "deltas": {
        "delta": -1.3625778345025745,
        "theta": -1.9298407684366465,
        "alpha": -2.382152350755122,
        "beta": -2.7507215226080968,
        "gamma": -3.235865913398108
      },
      "S": 0.9676246415054558,
      "sigma_delta": 0.6475071698908836,
      "tbr": 0.9957304954550897,
      "alpha_coherence": 0.30320627066162775,
      "band_powers": {
        "delta": 5.809573185556398,
        "theta": 7.466185553613919,
        "alpha": 25.19005699643206,
        "beta": 7.498199148959041,
        "gamma": 4.8822991096333785
      },
      "group": 0,
      "subject": "Subject00",
      "condition": "background"
    },
    {
      "label": "Subject00 Task (Group B)",
      "iapf": 10.602678571428571,
      "deltas": {
        "delta": -1.3625778345025745,
        "theta": -1.919346490111933,
        "alpha": -2.3787945572119265,
        "beta": -2.7606971324139633,
        "gamma": -3.2851100968567044
      },
      "S": 0.9668034705350642,
      "sigma_delta": 0.6639305892987167,
      "tbr": 0.9241233305912379,
      "alpha_coherence": 0.35306505547632006,
      "band_powers": {
        "delta": 6.685043130775343,
        "theta": 6.830755714695768,
        "alpha": 21.06874485030343,
        "beta": 7.39160617265833,
        "gamma": 5.0083577591383035
      },
      "group": 0,
      "subject": "Subject00",
      "condition": "task"
    },
    {
      "label": "Subject01 Background (Group G)",
      "iapf": 10.695684523809524,
      "deltas": {
        "delta": -1.3625778345025745,
        "theta": -1.9237418456781732,
        "alpha": -2.373947936167385,
        "beta": -2.7705948729019725,
        "gamma": -3.369855956413531
      },
      "S": 0.9655488476427447,
      "sigma_delta": 0.6890230471451053,
      "tbr": 0.9089980380007519,
      "alpha_coherence": 0.33985142173085386,
      "band_powers": {
        "delta": 4.03285901749262,
        "theta": 5.811751631316097,
        "alpha": 7.5652998516879375,
        "beta": 6.393579951061776,
        "gamma": 3.324968700582878
      },
      "group": 1,
      "subject": "Subject01",
      "condition": "background"
    },
    {
      "label": "Subject01 Task (Group G)",
      "iapf": 10.230654761904763,
      "deltas": {
        "delta": -1.3625778345025745,
        "theta": -1.902318237526782,
        "alpha": -2.37017543692896,
        "beta": -2.7799956536785033,
        "gamma": -3.357909559683472
      },
      "S": 0.9655289911784407,
      "sigma_delta": 0.6894201764311867,
      "tbr": 1.4944246391172626,
      "alpha_coherence": 0.27312949305560613,
      "band_powers": {
        "delta": 10.286685648428314,
        "theta": 9.45008576998449,
        "alpha": 6.8990141976279915,
        "beta": 6.323561270755368,
        "gamma": 3.3496746552490912
      },
      "group": 1,
      "subject": "Subject01",
      "condition": "task"
    },
    {
      "label": "Subject02 Background (Group G)",
      "iapf": 10.416666666666666,
      "deltas": {
        "delta": -1.3625778345025745,
        "theta": -1.9377474578390483,
        "alpha": -2.3726652695692816,
        "beta": -2.7582410990531634,
        "gamma": -3.3862669503496186
      },
      "S": 0.965466920346459,
      "sigma_delta": 0.6906615930708205,
      "tbr": 0.8948444108530644,
      "alpha_coherence": 0.26782500801226283,
      "band_powers": {
        "delta": 6.908007227216568,
        "theta": 7.130412224555234,
        "alpha": 13.858666299101856,
        "beta": 7.968326267756132,
        "gamma": 6.209338868534559
      },
      "group": 1,
      "subject": "Subject02",
      "condition": "background"
    },
    {
      "label": "Subject02 Task (Group G)",
      "iapf": 10.13764880952381,
      "deltas": {
        "delta": -1.3625778345025745,
        "theta": -1.9488937786571068,
        "alpha": -2.3738825311154583,
        "beta": -2.744011526049588,
        "gamma": -3.4148057729341024
      },
      "S": 0.9651880633000927,
      "sigma_delta": 0.6962387339981461,
      "tbr": 0.6311105506642541,
      "alpha_coherence": 0.2935318158329434,
      "band_powers": {
        "delta": 4.191937653034749,
        "theta": 5.310407133805779,
        "alpha": 9.890111042623015,
        "beta": 8.41438497299164,
        "gamma": 5.541464702198122
      },
      "group": 1,
      "subject": "Subject02",
      "condition": "task"
    },
    {
      "label": "Subject03 Background (Group G)",
      "iapf": 9.765625,
      "deltas": {
        "delta": -1.3625778345025745,
        "theta": -1.965626570544633,
        "alpha": -2.3352455921282336,
        "beta": -2.785930259089006,
        "gamma": -3.3008473369696776
      },
      "S": 0.9667050379382214,
      "sigma_delta": 0.6658992412355718,
      "tbr": 2.9255335575060224,
      "alpha_coherence": 0.29848256482735996,
      "band_powers": {
        "delta": 4.718119966736618,
        "theta": 12.735267479294821,
        "alpha": 21.512624393663735,
        "beta": 4.353143530560444,
        "gamma": 2.264063692199773
      },
      "group": 1,
      "subject": "Subject03",
      "condition": "background"
    },
    {
      "label": "Subject03 Task (Group G)",
      "iapf": 9.765625,
      "deltas": {
        "delta": -1.3625778345025745,
        "theta": -1.9280024252999013,
        "alpha": -2.3540883500995857,
        "beta": -2.7724061922684826,
        "gamma": -3.295489104106979
      },
      "S": 0.9666443592056451,
      "sigma_delta": 0.6671128158870977,
      "tbr": 2.5629943215483357,
      "alpha_coherence": 0.24568034059201646,
      "band_powers": {
        "delta": 3.3096182932854923,
        "theta": 5.341208436354902,
        "alpha": 6.981654322540807,
        "beta": 2.0839720133005266,
        "gamma": 1.399467665201632
      },
      "group": 1,
      "subject": "Subject03",
      "condition": "task"
    },
    {
      "label": "Subject04 Background (Group B)",
      "iapf": 9.765625,
      "deltas": {
        "delta": -1.3625778345025745,
        "theta": -1.931732734579699,
        "alpha": -2.3520272479566047,
        "beta": -2.785051397102986,
        "gamma": -3.2891402656334576
      },
      "S": 0.9666755750063489,
      "sigma_delta": 0.6664884998730223,
      "tbr": 1.6103951841447222,
      "alpha_coherence": 0.2835461673240656,
      "band_powers": {
        "delta": 11.988085024272696,
        "theta": 15.535941377514606,
        "alpha": 16.715126459467232,
        "beta": 9.64728504560557,
        "gamma": 4.389625676846292
      },
      "group": 0,
      "subject": "Subject04",
      "condition": "background"
    },
    {
      "label": "Subject04 Task (Group B)",
      "iapf": 10.044642857142858,
      "deltas": {
        "delta": -1.3625778345025745,
        "theta": -1.9087866392086512,
        "alpha": -2.3654350071101584,
        "beta": -2.783939275156789,
        "gamma": -3.265291773923595
      },
      "S": 0.9668703010169442,
      "sigma_delta": 0.6625939796611171,
      "tbr": 1.2214226294619106,
      "alpha_coherence": 0.26387230201362377,
      "band_powers": {
        "delta": 8.730928520470794,
        "theta": 11.69178003761866,
        "alpha": 9.851950266725263,
        "beta": 9.572264141503087,
        "gamma": 2.7364426411359477
      },
      "group": 0,
      "subject": "Subject04",
      "condition": "task"
    },
    {
      "label": "Subject05 Background (Group G)",
      "iapf": 9.765625,
      "deltas": {
        "delta": -1.3625778345025745,
        "theta": -1.9674885590587414,
        "alpha": -2.34599513546814,
        "beta": -2.786551937453876,
        "gamma": -3.330053074703512
      },
      "S": 0.9662950218002617,
      "sigma_delta": 0.6740995639947667,
      "tbr": 2.6738868241954776,
      "alpha_coherence": 0.28766694017365296,
      "band_powers": {
        "delta": 4.325348344216534,
        "theta": 9.472822481344648,